unix_time_ns,sequence,motor,speed_rad_s,speed_rpm,torque_nm,abs_speed_rpm,abs_torque_nm,q_rad,temp_case_c,temp_winding_c,motor_state
1782790655380067889,0,m26,-0.0076699042692780495,-0.07324219064983399,-0.0625,0.07324219064983399,0.0625,0.001330249011516571,51,50,0
1782790655430577383,1,m26,0.00920388475060463,0.08789062522241059,-0.0625,0.08789062522241059,0.0625,0.0013542174128815532,51,50,0
1782790655481479523,2,m26,0.004601942375302315,0.043945312611205295,-0.0625,0.043945312611205295,0.0625,0.0013542174128815532,51,50,0
1782790655531956573,3,m26,0.0,0.0,-0.0625,0.0,0.0625,0.0013542174128815532,51,50,0
1782790655582278035,4,m26,0.012271846644580364,0.11718750326103929,-0.0625,0.11718750326103929,0.0625,0.0013542174128815532,51,50,0
1782790655633209911,5,m26,-0.015339808538556099,-0.14648438129966798,-0.0625,0.14648438129966798,0.0625,0.0013542174128815532,51,50,0
1782790655683910402,6,m26,0.003067961661145091,0.02929687581525982,-0.0625,0.02929687581525982,0.0625,0.0013781859306618571,51,50,0
1782790655734141082,7,m26,-0.0015339808305725455,-0.01464843790762991,-0.0625,0.01464843790762991,0.0625,0.0013542174128815532,51,50,0
1782790655784862780,8,m26,-0.0015339808305725455,-0.01464843790762991,0.0,0.01464843790762991,0.0,0.0013542174128815532,51,50,0
1782790655835839388,9,m26,0.0,0.0,-0.0625,0.0,0.0625,0.0013542174128815532,51,50,0
1782790655886576404,10,m26,0.0015339808305725455,0.01464843790762991,-0.0625,0.01464843790762991,0.0625,0.0013542174128815532,51,50,0
1782790655937629491,11,m26,0.004601942375302315,0.043945312611205295,-0.0625,0.043945312611205295,0.0625,0.0013542174128815532,51,50,0
1782790655988321788,12,m26,-0.004601942375302315,-0.043945312611205295,-0.0625,0.043945312611205295,0.0625,0.0013542174128815532,51,50,0
1782790656039345042,13,m26,-0.0076699042692780495,-0.07324219064983399,-0.0625,0.07324219064983399,0.0625,0.0013662016717717052,51,50,0
1782790656090175418,14,m26,-0.006135923322290182,-0.05859375163051964,-0.0625,0.05859375163051964,0.0625,0.001330249011516571,51,50,0
1782790656141020819,15,m26,-0.0015339808305725455,-0.01464843790762991,-0.0625,0.01464843790762991,0.0625,0.001342233270406723,51,50,0
1782790656191741166,16,m26,0.0076699042692780495,0.07324219064983399,-0.0625,0.07324219064983399,0.0625,0.0013542174128815532,51,50,0
1782790656242195721,17,m26,-0.003067961661145091,-0.02929687581525982,-0.0625,0.02929687581525982,0.0625,0.0013662016717717052,51,50,0
1782790656292817500,18,m26,-0.00920388475060463,-0.08789062522241059,0.0,0.08789062522241059,0.0,0.001342233270406723,51,50,0
1782790656343708778,19,m26,0.0015339808305725455,0.01464843790762991,-0.0625,0.01464843790762991,0.0625,0.0013662016717717052,51,50,0
1782790656394679004,20,m26,-0.015339808538556099,-0.14648438129966798,-0.0625,0.14648438129966798,0.0625,0.0013542174128815532,51,50,0
1782790656445209376,21,m26,-0.00920388475060463,-0.08789062522241059,-0.0625,0.08789062522241059,0.0625,0.0013542174128815532,51,50,0
1782790656495261586,22,m26,-0.004601942375302315,-0.043945312611205295,-0.0625,0.043945312611205295,0.0625,0.001342233270406723,51,50,0
1782790656545973425,23,m26,-0.003067961661145091,-0.02929687581525982,-0.0625,0.02929687581525982,0.0625,0.0013662016717717052,51,50,0
1782790656595981312,24,m26,-0.006135923322290182,-0.05859375163051964,-0.0625,0.05859375163051964,0.0625,0.001330249011516571,51,50,0
1782790656646935934,25,m26,0.0015339808305725455,0.01464843790762991,-0.0625,0.01464843790762991,0.0625,0.0013542174128815532,51,50,0
1782790656696984341,26,m26,-0.003067961661145091,-0.02929687581525982,-0.0625,0.02929687581525982,0.0625,0.001342233270406723,51,50,0
1782790656747018125,27,m26,0.0015339808305725455,0.01464843790762991,-0.0625,0.01464843790762991,0.0625,0.0013542174128815532,51,50,0
1782790656797673899,28,m26,-0.004601942375302315,-0.043945312611205295,-0.0625,0.043945312611205295,0.0625,0.001330249011516571,51,50,0
1782790656847775011,29,m26,-0.00920388475060463,-0.08789062522241059,-0.0625,0.08789062522241059,0.0625,0.0013542174128815532,51,50,0
1782790656898677840,30,m26,-0.003067961661145091,-0.02929687581525982,-0.0625,0.02929687581525982,0.0625,0.001330249011516571,51,50,0
1782790656949413428,31,m26,-0.01840776950120926,-0.17578125044482118,-0.0625,0.17578125044482118,0.0625,0.001342233270406723,51,50,0
1782790657000367728,32,m26,-0.004601942375302315,-0.043945312611205295,-0.0625,0.043945312611205295,0.0625,0.001330249011516571,51,50,0
1782790657050953800,33,m26,0.003067961661145091,0.02929687581525982,-0.0625,0.02929687581525982,0.0625,0.001342233270406723,51,50,0
1782790657101041874,34,m26,-0.003067961661145091,-0.02929687581525982,-0.0625,0.02929687581525982,0.0625,0.001330249011516571,51,50,0
1782790657151048592,35,m26,-0.00920388475060463,-0.08789062522241059,-0.0625,0.08789062522241059,0.0625,0.001342233270406723,51,50,0
1782790657201820106,36,m26,-0.013805828057229519,-0.13183594672709137,-0.0625,0.13183594672709137,0.0625,0.001330249011516571,51,50,0
1782790657252766835,37,m26,0.00920388475060463,0.08789062522241059,-0.0625,0.08789062522241059,0.0625,0.001342233270406723,51,50,0
1782790657303772587,38,m26,-0.003067961661145091,-0.02929687581525982,-0.0625,0.02929687581525982,0.0625,0.001330249011516571,51,50,0
1782790657354350321,39,m26,-0.003067961661145091,-0.02929687581525982,-0.0625,0.02929687581525982,0.0625,0.0013662016717717052,51,50,0
1782790657404747545,40,m26,-0.0015339808305725455,-0.01464843790762991,-0.0625,0.01464843790762991,0.0625,0.0013542174128815532,51,50,0
1782790657455246105,41,m26,-0.012271846644580364,-0.11718750326103929,-0.0625,0.11718750326103929,0.0625,0.001330249011516571,51,50,0
1782790657506279804,42,m26,0.004601942375302315,0.043945312611205295,-0.0625,0.043945312611205295,0.0625,0.0013662016717717052,51,50,0
1782790657557267052,43,m26,-0.006135923322290182,-0.05859375163051964,-0.0625,0.05859375163051964,0.0625,0.0013542174128815532,51,50,0
1782790657607891542,44,m26,-0.004601942375302315,-0.043945312611205295,-0.0625,0.043945312611205295,0.0625,0.001342233270406723,51,50,0
1782790657658938890,45,m26,0.0,0.0,-0.0625,0.0,0.0625,0.001342233270406723,51,50,0
1782790657709581249,46,m26,-0.0015339808305725455,-0.01464843790762991,-0.0625,0.01464843790762991,0.0625,0.0013542174128815532,51,50,0
1782790657759722074,47,m26,-0.013805828057229519,-0.13183594672709137,-0.0625,0.13183594672709137,0.0625,0.001330249011516571,51,50,0
1782790657810622870,48,m26,-0.015339808538556099,-0.14648438129966798,-0.0625,0.14648438129966798,0.0625,0.0013542174128815532,51,50,0
1782790657861458622,49,m26,0.0,0.0,-0.0625,0.0,0.0625,0.0013662016717717052,51,50,0
1782790657912393672,50,m26,-0.00920388475060463,-0.08789062522241059,-0.0625,0.08789062522241059,0.0625,0.001330249011516571,51,50,0
1782790657962428339,51,m26,-0.003067961661145091,-0.02929687581525982,0.0,0.02929687581525982,0.0,0.0013542174128815532,51,50,0
1782790658013179320,52,m26,0.006135923322290182,0.05859375163051964,-0.0625,0.05859375163051964,0.0625,0.0013542174128815532,51,50,0
1782790658064019291,53,m26,-0.012271846644580364,-0.11718750326103929,-0.0625,0.11718750326103929,0.0625,0.001342233270406723,51,50,0
1782790658114066147,54,m26,-0.016873789951205254,-0.16113282476572008,-0.0625,0.16113282476572008,0.0625,0.001342233270406723,51,50,0
1782790658164629301,55,m26,0.0,0.0,-0.0625,0.0,0.0625,0.0013662016717717052,51,50,0
1782790658214983150,56,m26,0.010737866163253784,0.10253906868846269,-0.0625,0.10253906868846269,0.0625,0.0013542174128815532,51,50,0
1782790658265632448,57,m26,-0.0015339808305725455,-0.01464843790762991,-0.0625,0.01464843790762991,0.0625,0.001342233270406723,51,50,0
1782790658315694181,58,m26,-0.0015339808305725455,-0.01464843790762991,-0.0625,0.01464843790762991,0.0625,0.001342233270406723,51,50,0
1782790658366549595,59,m26,-0.0015339808305725455,-0.01464843790762991,-0.0625,0.01464843790762991,0.0625,0.001342233270406723,51,50,0
1782790658417140944,60,m26,-0.0076699042692780495,-0.07324219064983399,-0.0625,0.07324219064983399,0.0625,0.001318264752626419,51,50,0
1782790658467444408,61,m26,-0.004601942375302315,-0.043945312611205295,-0.0625,0.043945312611205295,0.0625,0.001342233270406723,51,50,0
1782790658518106111,62,m26,-0.003067961661145091,-0.02929687581525982,-0.0625,0.02929687581525982,0.0625,0.0013542174128815532,51,50,0
1782790658568165193,63,m26,0.003067961661145091,0.02929687581525982,-0.0625,0.02929687581525982,0.0625,0.001330249011516571,51,50,0
1782790658619029698,64,m26,0.0015339808305725455,0.01464843790762991,-0.0625,0.01464843790762991,0.0625,0.001342233270406723,51,50,0
1782790658669166523,65,m26,0.0,0.0,-0.0625,0.0,0.0625,0.001330249011516571,51,50,0
1782790658719999651,66,m26,-0.003067961661145091,-0.02929687581525982,-0.0625,0.02929687581525982,0.0625,0.0013542174128815532,51,50,0
1782790658770441062,67,m26,-0.004601942375302315,-0.043945312611205295,-0.0625,0.043945312611205295,0.0625,0.001342233270406723,51,50,0
1782790658820594192,68,m26,0.004601942375302315,0.043945312611205295,-0.0625,0.043945312611205295,0.0625,0.001330249011516571,51,50,0
1782790658871015850,69,m26,0.0,0.0,-0.0625,0.0,0.0625,0.001330249011516571,51,50,0
1782790658921260310,70,m26,-0.012271846644580364,-0.11718750326103929,0.0,0.11718750326103929,0.0,0.001330249011516571,51,50,0
1782790658971339512,71,m26,-0.0076699042692780495,-0.07324219064983399,-0.0625,0.07324219064983399,0.0625,0.001330249011516571,51,50,0
1782790659021977732,72,m26,0.0076699042692780495,0.07324219064983399,-0.0625,0.07324219064983399,0.0625,0.0013781859306618571,51,50,0
1782790659072131200,73,m26,-0.006135923322290182,-0.05859375163051964,-0.0625,0.05859375163051964,0.0625,0.0013542174128815532,51,50,0
1782790659123234599,74,m26,-0.012271846644580364,-0.11718750326103929,-0.0625,0.11718750326103929,0.0625,0.001342233270406723,51,50,0
1782790659173742809,75,m26,-0.015339808538556099,-0.14648438129966798,-0.0625,0.14648438129966798,0.0625,0.001330249011516571,51,50,0
1782790659223797777,76,m26,0.012271846644580364,0.11718750326103929,-0.0625,0.11718750326103929,0.0625,0.001330249011516571,51,50,0
1782790659274582561,77,m26,-0.0076699042692780495,-0.07324219064983399,-0.0625,0.07324219064983399,0.0625,0.001330249011516571,51,50,0
1782790659324600530,78,m26,0.0,0.0,-0.0625,0.0,0.0625,0.001318264752626419,51,50,0
1782790659375327647,79,m26,-0.0076699042692780495,-0.07324219064983399,-0.0625,0.07324219064983399,0.0625,0.001306280493736267,51,50,0
1782790659426237500,80,m26,-0.010737866163253784,-0.10253906868846269,-0.0625,0.10253906868846269,0.0625,0.001330249011516571,51,50,0
1782790659477267273,81,m26,-0.0076699042692780495,-0.07324219064983399,-0.0625,0.07324219064983399,0.0625,0.001330249011516571,51,50,0
1782790659528261090,82,m26,-0.003067961661145091,-0.02929687581525982,-0.0625,0.02929687581525982,0.0625,0.001330249011516571,51,50,0
1782790659579140918,83,m26,-0.004601942375302315,-0.043945312611205295,-0.0625,0.043945312611205295,0.0625,0.0013542174128815532,51,50,0
1782790659629968633,84,m26,-0.0076699042692780495,-0.07324219064983399,-0.0625,0.07324219064983399,0.0625,0.001318264752626419,51,50,0
1782790659680824134,85,m26,0.0,0.0,-0.0625,0.0,0.0625,0.001330249011516571,51,50,0
1782790659731386195,86,m26,-0.004601942375302315,-0.043945312611205295,-0.0625,0.043945312611205295,0.0625,0.001330249011516571,51,50,0
1782790659782435568,87,m26,-0.0076699042692780495,-0.07324219064983399,-0.0625,0.07324219064983399,0.0625,0.001330249011516571,51,50,0
1782790659833371849,88,m26,0.003067961661145091,0.02929687581525982,-0.0625,0.02929687581525982,0.0625,0.0013542174128815532,51,50,0
1782790659883442962,89,m26,-0.015339808538556099,-0.14648438129966798,-0.0625,0.14648438129966798,0.0625,0.001330249011516571,51,50,0
1782790659933498056,90,m26,0.004601942375302315,0.043945312611205295,-0.0625,0.043945312611205295,0.0625,0.001330249011516571,51,50,0
1782790659984232370,91,m26,0.003067961661145091,0.02929687581525982,-0.0625,0.02929687581525982,0.0625,0.001342233270406723,51,50,0
1782790660035006206,92,m26,-0.003067961661145091,-0.02929687581525982,-0.0625,0.02929687581525982,0.0625,0.001342233270406723,51,50,0
1782790660085021962,93,m26,0.006135923322290182,0.05859375163051964,-0.0625,0.05859375163051964,0.0625,0.001342233270406723,51,50,0
1782790660135027782,94,m26,-0.003067961661145091,-0.02929687581525982,-0.0625,0.02929687581525982,0.0625,0.001330249011516571,51,50,0
1782790660185102334,95,m26,0.0,0.0,0.0,0.0,0.0,0.001342233270406723,51,50,0
1782790660235630129,96,m26,0.0015339808305725455,0.01464843790762991,-0.0625,0.01464843790762991,0.0625,0.001330249011516571,51,50,0
1782790660286684212,97,m26,0.006135923322290182,0.05859375163051964,0.0,0.05859375163051964,0.0,0.0013542174128815532,51,50,0
1782790660337455903,98,m26,-0.004601942375302315,-0.043945312611205295,-0.0625,0.043945312611205295,0.0625,0.001342233270406723,51,50,0
1782790660388394422,99,m26,-0.01840776950120926,-0.17578125044482118,-0.0625,0.17578125044482118,0.0625,0.001330249011516571,51,50,0
1782790660438540259,100,m26,0.0,0.0,-0.0625,0.0,0.0625,0.001342233270406723,51,50,0
1782790660489348027,101,m26,-0.006135923322290182,-0.05859375163051964,-0.0625,0.05859375163051964,0.0625,0.001330249011516571,51,50,0
1782790660539845157,102,m26,0.004601942375302315,0.043945312611205295,-0.0625,0.043945312611205295,0.0625,0.0013542174128815532,51,50,0
1782790660589878786,103,m26,0.004601942375302315,0.043945312611205295,-0.0625,0.043945312611205295,0.0625,0.0013662016717717052,51,50,0
1782790660639942687,104,m26,-0.004601942375302315,-0.043945312611205295,-0.0625,0.043945312611205295,0.0625,0.001330249011516571,51,50,0
1782790660690091513,105,m26,-0.016873789951205254,-0.16113282476572008,-0.0625,0.16113282476572008,0.0625,0.001342233270406723,51,50,0
1782790660740667422,106,m26,-0.00920388475060463,-0.08789062522241059,-0.0625,0.08789062522241059,0.0625,0.001330249011516571,51,50,0
1782790660790729717,107,m26,-0.006135923322290182,-0.05859375163051964,-0.0625,0.05859375163051964,0.0625,0.0013781859306618571,51,50,0
1782790660841428358,108,m26,-0.0015339808305725455,-0.01464843790762991,-0.0625,0.01464843790762991,0.0625,0.0015339808305725455,51,50,0
1782790660892350543,109,m26,0.0076699042692780495,0.07324219064983399,-0.0625,0.07324219064983399,0.0625,0.0014980281703174114,51,50,0
1782790660943285592,110,m26,-0.0076699042692780495,-0.07324219064983399,-0.0625,0.07324219064983399,0.0625,0.0014860439114272594,51,50,0
1782790660994008467,111,m26,0.0,0.0,0.0,0.0,0.0,0.001689775730483234,51,50,0
1782790661044051496,112,m26,-0.0076699042692780495,-0.07324219064983399,-0.0625,0.07324219064983399,0.0625,0.0016777915880084038,51,50,0
1782790661094890543,113,m26,-0.004601942375302315,-0.043945312611205295,-0.0625,0.043945312611205295,0.0625,0.0016777915880084038,51,50,0
1782790661145062445,114,m26,-0.0015339808305725455,-0.01464843790762991,-0.0625,0.01464843790762991,0.0625,0.0016058861510828137,51,50,0
1782790661195775279,115,m26,-0.006135923322290182,-0.05859375163051964,-0.0625,0.05859375163051964,0.0625,0.0015699334908276796,51,50,0
1782790661245877214,116,m26,-0.0015339808305725455,-0.01464843790762991,-0.0625,0.01464843790762991,0.0625,0.0015579492319375277,51,50,0
1782790661296475415,117,m26,0.0,0.0,-0.0625,0.0,0.0625,0.0014740596525371075,51,50,0
1782790661346598367,118,m26,0.0,0.0,-0.0625,0.0,0.0625,0.0015100124292075634,51,50,0
1782790661397314942,119,m26,-0.003067961661145091,-0.02929687581525982,-0.0625,0.02929687581525982,0.0625,0.0015339808305725455,51,50,0
1782790661447464361,120,m26,0.02147573232650757,0.20507813737692537,0.0,0.20507813737692537,0.0,0.0015699334908276796,51,50,0
1782790661498250099,121,m26,0.0015339808305725455,0.01464843790762991,-0.0625,0.01464843790762991,0.0625,0.0015579492319375277,51,50,0
1782790661549215586,122,m26,0.0,0.0,-0.0625,0.0,0.0625,0.0015219965716823936,51,50,0
1782790661599993376,123,m26,-0.01840776950120926,-0.17578125044482118,-0.0625,0.17578125044482118,0.0625,0.0015579492319375277,51,50,0
1782790661650866805,124,m26,1.1397477388381958,10.883789190834568,-0.125,10.883789190834568,0.125,0.008640626445412636,51,50,0
1782790661701663976,125,m26,1.745670199394226,16.66992247450834,-0.0625,16.66992247450834,0.0625,0.1438586413860321,51,50,0
1782790661751789769,126,m26,0.8682331442832947,8.291015800134307,0.0,8.291015800134307,0.0,0.20950822532176971,51,50,0
1782790661802557600,127,m26,0.04295146465301514,0.41015627475385075,-0.0625,0.41015627475385075,0.0625,0.2153804898262024,51,50,0
1782790661853521894,128,m26,-0.012271846644580364,-0.11718750326103929,-0.0625,0.11718750326103929,0.0625,0.21528461575508118,51,50,0
1782790661904345059,129,m26,-0.01840776950120926,-0.17578125044482118,-0.0625,0.17578125044482118,0.0625,0.21530859172344208,51,50,0
1782790661954524475,130,m26,-0.006135923322290182,-0.05859375163051964,-0.0625,0.05859375163051964,0.0625,0.21533255279064178,51,50,0
1782790662004950312,131,m26,0.0076699042692780495,0.07324219064983399,-0.0625,0.07324219064983399,0.0625,0.21533255279064178,51,50,0
1782790662055223758,132,m26,0.0,0.0,-0.0625,0.0,0.0625,0.21533255279064178,51,50,0
1782790662105696554,133,m26,-0.019941750913858414,-0.19042969391087328,-0.0625,0.19042969391087328,0.0625,0.21532057225704193,51,50,0
1782790662156586970,134,m26,-0.0015339808305725455,-0.01464843790762991,-0.0625,0.01464843790762991,0.0625,0.21533255279064178,51,50,0
1782790662206616220,135,m26,0.0,0.0,-0.0625,0.0,0.0625,0.21533255279064178,51,50,0
1782790662257497223,136,m26,-0.0076699042692780495,-0.07324219064983399,-0.0625,0.07324219064983399,0.0625,0.21533255279064178,51,50,0
1782790662307560412,137,m26,0.0,0.0,0.0,0.0,0.0,0.21535652875900269,51,50,0
1782790662358470515,138,m26,-0.006135923322290182,-0.05859375163051964,-0.0625,0.05859375163051964,0.0625,0.21533255279064178,51,50,0
1782790662409308648,139,m26,0.003067961661145091,0.02929687581525982,-0.0625,0.02929687581525982,0.0625,0.21535652875900269,51,50,0
1782790662459367449,140,m26,-0.004601942375302315,-0.043945312611205295,-0.0625,0.043945312611205295,0.0625,0.21535652875900269,51,50,0
1782790662509926381,141,m26,0.004601942375302315,0.043945312611205295,-0.0625,0.043945312611205295,0.0625,0.21535652875900269,51,50,0
1782790662560076782,142,m26,-0.003067961661145091,-0.02929687581525982,0.0,0.02929687581525982,0.0,0.21535652875900269,51,50,0
1782790662610178821,143,m26,0.006135923322290182,0.05859375163051964,-0.0625,0.05859375163051964,0.0625,0.21535652875900269,51,50,0
1782790662660902170,144,m26,-0.006135923322290182,-0.05859375163051964,-0.0625,0.05859375163051964,0.0625,0.21533255279064178,51,50,0
1782790662711585568,145,m26,0.012271846644580364,0.11718750326103929,-0.0625,0.11718750326103929,0.0625,0.21535652875900269,51,50,0
1782790662761807328,146,m26,0.010737866163253784,0.10253906868846269,-0.0625,0.10253906868846269,0.0625,0.21533255279064178,51,50,0
1782790662812429137,147,m26,0.0015339808305725455,0.01464843790762991,-0.0625,0.01464843790762991,0.0625,0.21533255279064178,51,50,0
1782790662863308426,148,m26,-0.003067961661145091,-0.02929687581525982,-0.0625,0.02929687581525982,0.0625,0.21534454822540283,51,50,0
1782790662913354479,149,m26,0.0015339808305725455,0.01464843790762991,-0.0625,0.01464843790762991,0.0625,0.21534454822540283,51,50,0
1782790662964090950,150,m26,-0.023009711876511574,-0.21972656305602647,0.0,0.21972656305602647,0.0,0.21533255279064178,51,50,0
1782790663014277083,151,m26,-0.0076699042692780495,-0.07324219064983399,-0.0625,0.07324219064983399,0.0625,0.21534454822540283,51,50,0
1782790663065276575,152,m26,0.0076699042692780495,0.07324219064983399,-0.0625,0.07324219064983399,0.0625,0.21535652875900269,51,50,0
1782790663115929234,153,m26,-0.0015339808305725455,-0.01464843790762991,-0.0625,0.01464843790762991,0.0625,0.21533255279064178,51,50,0
1782790663166798153,154,m26,-0.0076699042692780495,-0.07324219064983399,-0.0625,0.07324219064983399,0.0625,0.21534454822540283,51,50,0
1782790663217710603,155,m26,0.004601942375302315,0.043945312611205295,-0.0625,0.043945312611205295,0.0625,0.2153804898262024,51,50,0
1782790663268478318,156,m26,0.00920388475060463,0.08789062522241059,-0.0625,0.08789062522241059,0.0625,0.21535652875900269,51,50,0
1782790663318621772,157,m26,0.0015339808305725455,0.01464843790762991,-0.0625,0.01464843790762991,0.0625,0.21534454822540283,51,50,0
1782790663369369450,158,m26,-0.004601942375302315,-0.043945312611205295,-0.0625,0.043945312611205295,0.0625,0.21534454822540283,51,50,0
1782790663419515562,159,m26,-0.006135923322290182,-0.05859375163051964,-0.0625,0.05859375163051964,0.0625,0.21533255279064178,51,50,0
1782790663470097323,160,m26,0.010737866163253784,0.10253906868846269,-0.0625,0.10253906868846269,0.0625,0.2153804898262024,51,50,0
1782790663520111610,161,m26,-0.004601942375302315,-0.043945312611205295,-0.0625,0.043945312611205295,0.0625,0.21533255279064178,51,50,0
1782790663571030698,162,m26,-0.0015339808305725455,-0.01464843790762991,-0.0625,0.01464843790762991,0.0625,0.21535652875900269,51,50,0
1782790663621244835,163,m26,0.00920388475060463,0.08789062522241059,-0.0625,0.08789062522241059,0.0625,0.21532057225704193,51,50,0
1782790663671689346,164,m26,-0.006135923322290182,-0.05859375163051964,-0.0625,0.05859375163051964,0.0625,0.21534454822540283,51,50,0
1782790663721847043,165,m26,-0.003067961661145091,-0.02929687581525982,-0.0625,0.02929687581525982,0.0625,0.21535652875900269,51,50,0
1782790663772614063,166,m26,-0.0076699042692780495,-0.07324219064983399,-0.0625,0.07324219064983399,0.0625,0.21534454822540283,51,50,0
1782790663823478588,167,m26,0.0015339808305725455,0.01464843790762991,0.0,0.01464843790762991,0.0,0.21533255279064178,51,50,0
1782790663874518918,168,m26,0.0076699042692780495,0.07324219064983399,-0.0625,0.07324219064983399,0.0625,0.21535652875900269,51,50,0
1782790663925458026,169,m26,-0.010737866163253784,-0.10253906868846269,-0.0625,0.10253906868846269,0.0625,0.21533255279064178,51,50,0
1782790663976186173,170,m26,-0.010737866163253784,-0.10253906868846269,-0.0625,0.10253906868846269,0.0625,0.21535652875900269,51,50,0
1782790664027216631,171,m26,-0.003067961661145091,-0.02929687581525982,-0.0625,0.02929687581525982,0.0625,0.21534454822540283,51,50,0
1782790664077942682,172,m26,0.006135923322290182,0.05859375163051964,-0.0625,0.05859375163051964,0.0625,0.21533255279064178,51,50,0
1782790664128062274,173,m26,0.003067961661145091,0.02929687581525982,-0.0625,0.02929687581525982,0.0625,0.21533255279064178,51,50,0
1782790664178680202,174,m26,-0.012271846644580364,-0.11718750326103929,-0.0625,0.11718750326103929,0.0625,0.21532057225704193,51,50,0
1782790664228814991,175,m26,0.0015339808305725455,0.01464843790762991,-0.0625,0.01464843790762991,0.0625,0.21532057225704193,51,50,0
1782790664279471485,176,m26,-0.00920388475060463,-0.08789062522241059,0.0,0.08789062522241059,0.0,0.21534454822540283,51,50,0
1782790664330465599,177,m26,-0.003067961661145091,-0.02929687581525982,-0.0625,0.02929687581525982,0.0625,0.21532057225704193,51,50,0
1782790664381470640,178,m26,-0.003067961661145091,-0.02929687581525982,-0.0625,0.02929687581525982,0.0625,0.21532057225704193,51,50,0
1782790664432395997,179,m26,0.0076699042692780495,0.07324219064983399,-0.0625,0.07324219064983399,0.0625,0.21533255279064178,51,50,0
1782790664483152452,180,m26,0.0,0.0,-0.0625,0.0,0.0625,0.21534454822540283,51,50,0
1782790664533953536,181,m26,-0.0015339808305725455,-0.01464843790762991,-0.0625,0.01464843790762991,0.0625,0.21534454822540283,51,50,0
1782790664584703837,182,m26,-0.003067961661145091,-0.02929687581525982,-0.0625,0.02929687581525982,0.0625,0.21534454822540283,51,50,0
1782790664635868081,183,m26,0.0076699042692780495,0.07324219064983399,-0.0625,0.07324219064983399,0.0625,0.21534454822540283,51,50,0
1782790664686557049,184,m26,0.0,0.0,-0.0625,0.0,0.0625,0.21534454822540283,51,50,0
1782790664737481015,185,m26,-0.004601942375302315,-0.043945312611205295,-0.0625,0.043945312611205295,0.0625,0.21534454822540283,51,50,0
1782790664788104490,186,m26,-0.01840776950120926,-0.17578125044482118,-0.0625,0.17578125044482118,0.0625,0.21534454822540283,51,50,0
1782790664838245837,187,m26,-0.00920388475060463,-0.08789062522241059,-0.0625,0.08789062522241059,0.0625,0.21532057225704193,51,50,0
1782790664889238285,188,m26,-0.010737866163253784,-0.10253906868846269,-0.125,0.10253906868846269,0.125,0.21528461575508118,51,50,0
1782790664940297222,189,m26,-0.00920388475060463,-0.08789062522241059,-0.125,0.08789062522241059,0.125,0.2151288241147995,51,50,0
1782790664990891467,190,m26,-0.012271846644580364,-0.11718750326103929,-0.125,0.11718750326103929,0.125,0.21509286761283875,51,50,0
1782790665041640441,191,m26,0.00920388475060463,0.08789062522241059,-0.1875,0.08789062522241059,0.1875,0.2150808870792389,51,50,0
1782790665091953988,192,m26,0.0076699042692780495,0.07324219064983399,-0.1875,0.07324219064983399,0.1875,0.21503295004367828,51,50,0
1782790665142549536,193,m26,-0.00920388475060463,-0.08789062522241059,-0.125,0.08789062522241059,0.125,0.21503295004367828,51,50,0
1782790665193515747,194,m26,-0.004601942375302315,-0.043945312611205295,-0.1875,0.043945312611205295,0.1875,0.21498501300811768,51,50,0
1782790665244160372,195,m26,-0.003067961661145091,-0.02929687581525982,-0.125,0.02929687581525982,0.125,0.21498501300811768,51,50,0
1782790665294301412,196,m26,0.0,0.0,-0.125,0.0,0.125,0.21499699354171753,51,50,0
1782790665345295916,197,m26,-0.00920388475060463,-0.08789062522241059,-0.125,0.08789062522241059,0.125,0.21496105194091797,51,50,0
1782790665395996727,198,m26,-0.00920388475060463,-0.08789062522241059,-0.1875,0.08789062522241059,0.1875,0.21463747322559357,51,50,0
1782790665447044184,199,m26,-0.00920388475060463,-0.08789062522241059,-0.1875,0.08789062522241059,0.1875,0.21463747322559357,51,50,0
1782790665498041695,200,m26,0.0,0.0,-0.1875,0.0,0.1875,0.21463747322559357,51,50,0
1782790665548750089,201,m26,0.013805828057229519,0.13183594672709137,-0.1875,0.13183594672709137,0.1875,0.21463747322559357,51,50,0
1782790665599767460,202,m26,0.0015339808305725455,0.01464843790762991,-0.1875,0.01464843790762991,0.1875,0.2145775556564331,51,50,0
1782790665650647595,203,m26,0.004601942375302315,0.043945312611205295,-0.25,0.043945312611205295,0.25,0.21454159915447235,51,50,0
1782790665701556805,204,m26,-0.010737866163253784,-0.10253906868846269,-0.1875,0.10253906868846269,0.1875,0.21451763808727264,51,50,0
1782790665752158315,205,m26,0.0,0.0,-0.25,0.0,0.25,0.2144816815853119,51,50,0
1782790665803202644,206,m26,-0.016873789951205254,-0.16113282476572008,-0.25,0.16113282476572008,0.25,0.2138824611902237,51,50,0
1782790665853446334,207,m26,-0.004601942375302315,-0.043945312611205295,-0.3125,0.043945312611205295,0.3125,0.21378658711910248,51,50,0
1782790665903849951,208,m26,0.003067961661145091,0.02929687581525982,-0.1875,0.02929687581525982,0.1875,0.21371468901634216,51,50,0
1782790665954077154,209,m26,-0.023009711876511574,-0.21972656305602647,-0.3125,0.21972656305602647,0.3125,0.2115095853805542,51,50,0
1782790666004881982,210,m26,-0.16873788833618164,-1.611328140935495,-0.25,1.611328140935495,0.25,0.20446287095546722,51,50,0
1782790666055617864,211,m26,-0.10277671366930008,-0.9814453209125686,-0.3125,0.9814453209125686,0.3125,0.20338428020477295,51,50,0
1782790666106708759,212,m26,-0.08436894416809082,-0.8056640704677475,-0.25,0.8056640704677475,0.25,0.196577250957489,51,50,0
1782790666157545082,213,m26,-0.052155349403619766,-0.49804689997626134,-0.3125,0.49804689997626134,0.3125,0.195834219455719,51,50,0
1782790666208469936,214,m26,-0.010737866163253784,-0.10253906868846269,-0.3125,0.10253906868846269,0.3125,0.19537882506847382,51,50,0
1782790666259194221,215,m26,-0.01840776950120926,-0.17578125044482118,-0.3125,0.17578125044482118,0.3125,0.19535484910011292,51,50,0
1782790666310123242,216,m26,0.004601942375302315,0.043945312611205295,-0.375,0.043945312611205295,0.375,0.19529493153095245,51,50,0
1782790666360857625,217,m26,-0.0076699042692780495,-0.07324219064983399,-0.3125,0.07324219064983399,0.3125,0.195235013961792,51,50,0
1782790666411817543,218,m26,-0.00920388475060463,-0.08789062522241059,-0.375,0.08789062522241059,0.375,0.19492343068122864,51,50,0
1782790666461819884,219,m26,-0.00920388475060463,-0.08789062522241059,-0.375,0.08789062522241059,0.375,0.19486349821090698,51,50,0
1782790666511957668,220,m26,-0.0015339808305725455,-0.01464843790762991,-0.4375,0.01464843790762991,0.4375,0.19464778900146484,51,50,0
1782790666562807675,221,m26,0.016873789951205254,0.16113282476572008,-0.4375,0.16113282476572008,0.4375,0.19400063157081604,51,50,0
1782790666613611573,222,m26,-0.015339808538556099,-0.14648438129966798,-0.4375,0.14648438129966798,0.4375,0.19394071400165558,51,50,0
1782790666664533147,223,m26,-0.0015339808305725455,-0.01464843790762991,-0.4375,0.01464843790762991,0.4375,0.19389277696609497,51,50,0
1782790666715165717,224,m26,0.0,0.0,-0.5,0.0,0.5,0.1937130093574524,51,50,0
1782790666766221054,225,m26,0.0076699042692780495,0.07324219064983399,-0.5,0.07324219064983399,0.5,0.19361715018749237,51,50,0
1782790666817119094,226,m26,0.0076699042692780495,0.07324219064983399,-0.5,0.07324219064983399,0.5,0.19358119368553162,51,50,0
1782790666867960102,227,m26,0.010737866163253784,0.10253906868846269,-0.5625,0.10253906868846269,0.5625,0.19344936311244965,51,50,0
1782790666918742354,228,m26,-0.026077674701809883,-0.24902344998813067,-0.5,0.24902344998813067,0.5,0.19304190576076508,51,50,0
1782790666968983949,229,m26,-1.0845245122909546,-10.356446222125946,-0.3125,10.356446222125946,0.3125,0.16970860958099365,51,50,0
1782790667019321733,230,m26,-0.9311263561248779,-8.89160173322513,-0.1875,8.89160173322513,0.1875,0.12257465720176697,51,50,0
1782790667069572831,231,m26,-0.5537670850753784,-5.2880861346801975,-0.125,5.2880861346801975,0.125,0.0893663689494133,51,50,0
1782790667120411737,232,m26,-0.0076699042692780495,-0.07324219064983399,-0.1875,0.07324219064983399,0.1875,0.08471649140119553,51,50,0
1782790667170458086,233,m26,0.0015339808305725455,0.01464843790762991,-0.25,0.01464843790762991,0.25,0.08471649140119553,51,50,0
1782790667221026281,234,m26,-0.004601942375302315,-0.043945312611205295,-0.25,0.043945312611205295,0.25,0.08456069231033325,51,50,0
1782790667271032125,235,m26,0.0015339808305725455,0.01464843790762991,-0.25,0.01464843790762991,0.25,0.08444084972143173,51,50,0
1782790667321122434,236,m26,0.006135923322290182,0.05859375163051964,-0.3125,0.05859375163051964,0.3125,0.07776563614606857,51,50,0
1782790667372155550,237,m26,-0.010737866163253784,-0.10253906868846269,-0.3125,0.10253906868846269,0.3125,0.07726229727268219,51,50,0
1782790667423061606,238,m26,-0.013805828057229519,-0.13183594672709137,-0.3125,0.13183594672709137,0.3125,0.07692674547433853,51,50,0
1782790667473863423,239,m26,-0.0076699042692780495,-0.07324219064983399,-0.375,0.07324219064983399,0.375,0.07662713527679443,51,50,0
1782790667524433121,240,m26,-0.003067961661145091,-0.02929687581525982,-0.3125,0.02929687581525982,0.3125,0.07648332417011261,51,50,0
1782790667574632604,241,m26,-0.02454369328916073,-0.23437500652207857,-0.375,0.23437500652207857,0.375,0.07584816217422485,51,50,0
1782790667625359439,242,m26,-0.1395922601222992,-1.3330078929500149,-0.375,1.3330078929500149,0.375,0.07385878264904022,51,50,0
1782790667675461326,243,m26,-0.7209709882736206,-6.8847657965757385,-0.1875,6.8847657965757385,0.1875,0.04286757484078407,51,50,0
1782790667726147720,244,m26,-0.006135923322290182,-0.05859375163051964,-0.3125,0.05859375163051964,0.3125,0.03467036411166191,51,50,0
1782790667777031889,245,m26,-0.004601942375302315,-0.043945312611205295,-0.3125,0.043945312611205295,0.3125,0.03465837985277176,51,50,0
1782790667827913991,246,m26,-0.00920388475060463,-0.08789062522241059,-0.3125,0.08789062522241059,0.3125,0.03468234837055206,51,50,0
1782790667877927601,247,m26,-0.0015339808305725455,-0.01464843790762991,-0.3125,0.01464843790762991,0.3125,0.034634411334991455,51,50,0
1782790667928899810,248,m26,-0.03374757990241051,-0.32226564953144016,-0.375,0.32226564953144016,0.375,0.03456250578165054,51,50,0
1782790667979424656,249,m26,0.0,0.0,-0.375,0.0,0.375,0.03452655300498009,51,50,0
1782790668030495954,250,m26,-0.08436894416809082,-0.8056640704677475,-0.4375,0.8056640704677475,0.4375,0.03401122987270355,51,50,0
1782790668081364219,251,m26,-0.8958448171615601,-8.55468785367105,-0.125,8.55468785367105,0.125,0.006819024216383696,51,50,0
1782790668131526986,252,m26,-0.7869321703910828,-7.514648687746468,0.0,7.514648687746468,0.0,-0.01871936023235321,51,50,0
1782790668182109548,253,m26,-0.006135923322290182,-0.05859375163051964,-0.125,0.05859375163051964,0.125,-0.042460110038518906,51,50,0
1782790668233081512,254,m26,-0.013805828057229519,-0.13183594672709137,-0.1875,0.13183594672709137,0.1875,-0.042268361896276474,51,50,0
1782790668284043592,255,m26,-0.02454369328916073,-0.23437500652207857,-0.1875,0.23437500652207857,0.1875,-0.04283162206411362,51,50,0
1782790668334956864,256,m26,-0.010737866163253784,-0.10253906868846269,-0.1875,0.10253906868846269,0.1875,-0.04268781095743179,51,50,0
1782790668385789788,257,m26,0.010737866163253784,0.10253906868846269,-0.25,0.10253906868846269,0.25,-0.0427117794752121,51,50,0
1782790668436687222,258,m26,0.0,0.0,-0.3125,0.0,0.3125,-0.04272376373410225,51,50,0
1782790668487302299,259,m26,-0.0076699042692780495,-0.07324219064983399,-0.25,0.07324219064983399,0.25,-0.04272376373410225,51,50,0
1782790668537383056,260,m26,-0.006135923322290182,-0.05859375163051964,-0.3125,0.05859375163051964,0.3125,-0.04265185818076134,51,50,0
1782790668588292731,261,m26,0.0,0.0,-0.3125,0.0,0.3125,-0.042268361896276474,51,50,0
1782790668638910796,262,m26,-1.3483691215515137,-12.875976648444006,0.0,12.875976648444006,0.0,-0.05350956693291664,51,50,0
1782790668688984948,263,m26,-0.37889325618743896,-3.6181640775848867,-0.0625,3.6181640775848867,0.0625,-0.08599880337715149,51,50,0
1782790668738985990,264,m26,-0.11811652779579163,-1.1279297555730896,-0.125,1.1279297555730896,0.125,-0.09212274104356766,51,50,0
1782790668789040697,265,m26,-0.1288543939590454,-1.2304688242615522,-0.0625,1.2304688242615522,0.0625,-0.10782207548618317,51,50,0
1782790668839955012,266,m26,-0.010737866163253784,-0.10253906868846269,-0.0625,0.10253906868846269,0.0625,-0.10772620141506195,51,50,0
1782790668890838000,267,m26,-0.00920388475060463,-0.08789062522241059,-0.125,0.08789062522241059,0.125,-0.10784604400396347,51,50,0
1782790668941596271,268,m26,0.0076699042692780495,0.07324219064983399,-0.1875,0.07324219064983399,0.1875,-0.10813366621732712,51,50,0
1782790668991799009,269,m26,-0.015339808538556099,-0.14648438129966798,-0.125,0.14648438129966798,0.125,-0.10824152082204819,51,50,0
1782790669042555165,270,m26,-0.11044662445783615,-1.054687573816731,-0.125,1.054687573816731,0.125,-0.11115369200706482,51,50,0
1782790669093682085,271,m26,-0.0076699042692780495,-0.07324219064983399,-0.1875,0.07324219064983399,0.1875,-0.11189670860767365,51,50,0
1782790669144035327,272,m26,-0.004601942375302315,-0.043945312611205295,-0.1875,0.043945312611205295,0.1875,-0.11196861416101456,51,50,0
1782790669194158337,273,m26,0.08283496648073196,0.7910156625755973,-0.1875,0.7910156625755973,0.1875,-0.11935090273618698,51,50,0
1782790669244238912,274,m26,-0.02454369328916073,-0.23437500652207857,-0.1875,0.23437500652207857,0.1875,-0.11941082030534744,51,50,0
1782790669294904002,275,m26,-0.019941750913858414,-0.19042969391087328,-0.1875,0.19042969391087328,0.1875,-0.1194228008389473,51,50,0
1782790669345871048,276,m26,0.0,0.0,-0.1875,0.0,0.1875,-0.11941082030534744,51,50,0
1782790669395980856,277,m26,0.004601942375302315,0.043945312611205295,-0.1875,0.043945312611205295,0.1875,-0.11941082030534744,51,50,0
1782790669446743008,278,m26,-0.0015339808305725455,-0.01464843790762991,-0.1875,0.01464843790762991,0.1875,-0.11941082030534744,51,50,0
1782790669497585345,279,m26,-0.0076699042692780495,-0.07324219064983399,-0.1875,0.07324219064983399,0.1875,-0.1194467693567276,51,50,0
1782790669547736111,280,m26,0.0015339808305725455,0.01464843790762991,-0.1875,0.01464843790762991,0.1875,-0.1194467693567276,51,50,0
1782790669598481392,281,m26,-0.006135923322290182,-0.05859375163051964,-0.1875,0.05859375163051964,0.1875,-0.1194707378745079,51,50,0
1782790669649146360,282,m26,-0.006135923322290182,-0.05859375163051964,-0.1875,0.05859375163051964,0.1875,-0.1194467693567276,51,50,0
1782790669699888905,283,m26,-0.0015339808305725455,-0.01464843790762991,-0.1875,0.01464843790762991,0.1875,-0.11945875734090805,51,50,0
1782790669750988447,284,m26,-0.006135923322290182,-0.05859375163051964,-0.1875,0.05859375163051964,0.1875,-0.11945875734090805,51,50,0
1782790669801202732,285,m26,0.006135923322290182,0.05859375163051964,-0.25,0.05859375163051964,0.25,-0.11954264342784882,51,50,0
1782790669851673219,286,m26,-0.003067961661145091,-0.02929687581525982,-0.3125,0.02929687581525982,0.3125,-0.11957859992980957,51,50,0
1782790669901681994,287,m26,-0.00920388475060463,-0.08789062522241059,-0.3125,0.08789062522241059,0.3125,-0.11960256844758987,51,50,0
1782790669951922541,288,m26,0.010737866163253784,0.10253906868846269,-0.3125,0.10253906868846269,0.3125,-0.11963851749897003,51,50,0
1782790670002490476,289,m26,-0.01840776950120926,-0.17578125044482118,-0.25,0.17578125044482118,0.25,-0.11967447400093079,51,50,0
1782790670053141531,290,m26,-0.004601942375302315,-0.043945312611205295,-0.3125,0.043945312611205295,0.3125,-0.11967447400093079,51,50,0
1782790670103243218,291,m26,0.9142525792121887,8.730469032968067,0.25,8.730469032968067,0.25,-0.07891612499952316,51,50,0
1782790670154134211,292,m26,0.5169515609741211,4.936523776086163,0.1875,4.936523776086163,0.1875,-0.046666573733091354,51,50,0
1782790670204894512,293,m26,0.2730485796928406,2.6074218697402136,0.125,2.6074218697402136,0.125,-0.027911260724067688,51,50,0
1782790670255030202,294,m26,0.11965050548315048,1.1425781634652397,0.25,1.1425781634652397,0.25,-0.018815234303474426,51,50,0
1782790670305276228,295,m26,0.04448544606566429,0.4248047182199028,0.3125,0.4248047182199028,0.3125,-0.016154736280441284,51,50,0
1782790670355923280,296,m26,0.06902913749217987,0.6591797069550305,0.25,0.6591797069550305,0.25,-0.014177338220179081,51,50,0
1782790670406131989,297,m26,0.08283496648073196,0.7910156625755973,0.0,0.7910156625755973,0.0,-0.010689929127693176,51,50,0
1782790670456926695,298,m26,0.05368933081626892,0.5126953434423134,0.0625,0.5126953434423134,0.0625,-0.007981494069099426,51,50,0
1782790670507633207,299,m26,0.06289321184158325,0.6005859330908221,0.0,0.6005859330908221,0.0,-0.0063156867399811745,51,50,0
1782790670557645397,300,m26,0.06749515980482101,0.6445312990628803,-0.1875,0.6445312990628803,0.1875,-0.00355931487865746,51,50,0
1782790670608349420,301,m26,0.012271846644580364,0.11718750326103929,-0.125,0.11718750326103929,0.125,-0.00173771264962852,51,50,0
1782790670659183986,302,m26,0.016873789951205254,0.16113282476572008,-0.0625,0.16113282476572008,0.0625,-0.0011385014513507485,51,50,0
1782790670710131310,303,m26,0.003067961661145091,0.02929687581525982,-0.0625,0.02929687581525982,0.0625,-0.0009347695740871131,51,50,0
1782790670760769902,304,m26,-0.013805828057229519,-0.13183594672709137,0.0,0.13183594672709137,0.0,-0.000874848454259336,51,50,0
1782790670810950525,305,m26,-0.004601942375302315,-0.043945312611205295,-0.125,0.043945312611205295,0.125,-0.0008269115351140499,51,50,0
1782790670861824037,306,m26,-0.004601942375302315,-0.043945312611205295,-0.0625,0.043945312611205295,0.0625,-0.0007430219557136297,51,50,0
1782790670912615931,307,m26,0.0,0.0,-0.0625,0.0,0.0625,-0.0007070692954584956,51,50,0
1782790670962650129,308,m26,-0.006135923322290182,-0.05859375163051964,-0.0625,0.05859375163051964,0.0625,-0.0006711166352033615,51,50,0
1782790671013515459,309,m26,-0.004601942375302315,-0.043945312611205295,-0.0625,0.043945312611205295,0.0625,-0.0006471481756307185,51,50,0
1782790671064408567,310,m26,-0.004601942375302315,-0.043945312611205295,-0.0625,0.043945312611205295,0.0625,-0.0006111955153755844,51,50,0
1782790671115141196,311,m26,0.003067961661145091,0.02929687581525982,-0.125,0.02929687581525982,0.125,-0.0005992112564854324,51,50,0
1782790671166156774,312,m26,0.0,0.0,-0.0625,0.0,0.0625,-0.0005512743373401463,51,50,0
1782790671216951184,313,m26,0.006135923322290182,0.05859375163051964,-0.125,0.05859375163051964,0.125,-0.00037151097785681486,51,50,0
1782790671267880197,314,m26,0.00920388475060463,0.08789062522241059,-0.125,0.08789062522241059,0.125,-0.00013182648399379104,51,50,0
1782790671318646395,315,m26,-0.003067961661145091,-0.02929687581525982,-0.125,0.02929687581525982,0.125,-2.3968450477696024e-05,51,50,0
1782790671368857972,316,m26,0.0015339808305725455,0.01464843790762991,-0.1875,0.01464843790762991,0.1875,3.5952674807049334e-05,51,50,0
1782790671419370777,317,m26,-0.004601942375302315,-0.043945312611205295,-0.125,0.043945312611205295,0.125,1.1984225238848012e-05,51,50,0
1782790671469617387,318,m26,-0.0015339808305725455,-0.01464843790762991,-0.125,0.01464843790762991,0.125,-5.992112710373476e-05,51,50,0
1782790671520275229,319,m26,0.0015339808305725455,0.01464843790762991,-0.0625,0.01464843790762991,0.0625,0.0,51,50,0
1782790671570354020,320,m26,0.012271846644580364,0.11718750326103929,-0.125,0.11718750326103929,0.125,0.0,51,50,0
1782790671621058516,321,m26,0.0,0.0,-0.125,0.0,0.125,-2.3968450477696024e-05,51,50,0
1782790671671980266,322,m26,-0.010737866163253784,-0.10253906868846269,-0.0625,0.10253906868846269,0.0625,-3.5952674807049334e-05,51,50,0
1782790671722771875,323,m26,-0.02147573232650757,-0.20507813737692537,-0.125,0.20507813737692537,0.125,-3.5952674807049334e-05,51,50,0
1782790671772847065,324,m26,0.0,0.0,-0.0625,0.0,0.0625,0.0,51,50,0
1782790671823601465,325,m26,-0.03681553900241852,-0.35156250088964236,-0.125,0.35156250088964236,0.125,9.58738019107841e-05,51,50,0
1782790671873606628,326,m26,-0.03988350182771683,-0.38085938782174655,0.0,0.38085938782174655,0.0,-0.000215716048842296,51,50,0
1782790671923984872,327,m26,-0.0076699042692780495,-0.07324219064983399,-0.0625,0.07324219064983399,0.0625,-0.0002636529679875821,51,50,0
1782790671974389694,328,m26,-0.006135923322290182,-0.05859375163051964,-0.0625,0.05859375163051964,0.0625,0.0,51,50,0
1782790672024406023,329,m26,0.006135923322290182,0.05859375163051964,-0.125,0.05859375163051964,0.125,0.0,51,50,0
1782790672074421530,330,m26,-0.003067961661145091,-0.02929687581525982,-0.0625,0.02929687581525982,0.0625,-2.3968450477696024e-05,51,50,0
1782790672125036336,331,m26,-0.004601942375302315,-0.043945312611205295,-0.1875,0.043945312611205295,0.1875,0.0,51,50,0
1782790672175206014,332,m26,-0.00920388475060463,-0.08789062522241059,-0.0625,0.08789062522241059,0.0625,-1.1984225238848012e-05,51,50,0
1782790672226057686,333,m26,-0.026077674701809883,-0.24902344998813067,-0.0625,0.24902344998813067,0.0625,-3.5952674807049334e-05,51,50,0
1782790672276621438,334,m26,0.0,0.0,-0.1875,0.0,0.1875,3.5952674807049334e-05,51,50,0
1782790672327028713,335,m26,0.006135923322290182,0.05859375163051964,-0.1875,0.05859375163051964,0.1875,0.0,51,50,0
1782790672377861621,336,m26,0.004601942375302315,0.043945312611205295,-0.0625,0.043945312611205295,0.0625,0.0,51,50,0
1782790672428451644,337,m26,-0.0076699042692780495,-0.07324219064983399,-0.125,0.07324219064983399,0.125,0.0,51,50,0
1782790672478577944,338,m26,-0.004601942375302315,-0.043945312611205295,-0.125,0.043945312611205295,0.125,1.1984225238848012e-05,51,50,0
1782790672529259072,339,m26,-0.010737866163253784,-0.10253906868846269,-0.125,0.10253906868846269,0.125,2.3968450477696024e-05,51,50,0
1782790672579409978,340,m26,0.006135923322290182,0.05859375163051964,-0.125,0.05859375163051964,0.125,1.1984225238848012e-05,51,50,0
1782790672630144196,341,m26,-0.013805828057229519,-0.13183594672709137,-0.0625,0.13183594672709137,0.0625,1.1984225238848012e-05,51,50,0
1782790672680230561,342,m26,-0.0015339808305725455,-0.01464843790762991,-0.125,0.01464843790762991,0.125,0.0,51,50,0
1782790672730987864,343,m26,-0.010737866163253784,-0.10253906868846269,-0.0625,0.10253906868846269,0.0625,0.0,51,50,0
1782790672781910879,344,m26,0.004601942375302315,0.043945312611205295,-0.1875,0.043945312611205295,0.1875,3.5952674807049334e-05,51,50,0
1782790672832825315,345,m26,-0.00920388475060463,-0.08789062522241059,-0.125,0.08789062522241059,0.125,0.0,51,50,0
1782790672882860661,346,m26,0.00920388475060463,0.08789062522241059,-0.1875,0.08789062522241059,0.1875,4.793690095539205e-05,51,50,0
1782790672933526734,347,m26,-0.0015339808305725455,-0.01464843790762991,-0.0625,0.01464843790762991,0.0625,0.0,51,50,0
1782790672983568950,348,m26,-0.004601942375302315,-0.043945312611205295,-0.125,0.043945312611205295,0.125,2.3968450477696024e-05,51,50,0
1782790673034522457,349,m26,-0.004601942375302315,-0.043945312611205295,-0.0625,0.043945312611205295,0.0625,0.0,51,50,0
1782790673085551401,350,m26,-0.02147573232650757,-0.20507813737692537,-0.125,0.20507813737692537,0.125,-1.1984225238848012e-05,51,50,0
1782790673136116698,351,m26,0.015339808538556099,0.14648438129966798,-0.1875,0.14648438129966798,0.1875,0.00016777915880084038,51,50,0
1782790673186984818,352,m26,0.003067961661145091,0.02929687581525982,-0.1875,0.02929687581525982,0.1875,0.0002996056282427162,51,50,0
1782790673237872050,353,m26,-0.003067961661145091,-0.02929687581525982,-0.125,0.02929687581525982,0.125,0.000215716048842296,51,50,0
1782790673288849382,354,m26,-0.0076699042692780495,-0.07324219064983399,-0.1875,0.07324219064983399,0.1875,0.00025166873820126057,51,50,0
1782790673339807293,355,m26,0.012271846644580364,0.11718750326103929,-0.1875,0.11718750326103929,0.1875,0.0002996056282427162,51,50,0
1782790673390485395,356,m26,0.02454369328916073,0.23437500652207857,-0.1875,0.23437500652207857,0.1875,0.00027563716867007315,51,50,0
1782790673440535411,357,m26,-0.006135923322290182,-0.05859375163051964,-0.125,0.05859375163051964,0.125,0.00028762139845639467,51,50,0
1782790673490595258,358,m26,-0.010737866163253784,-0.10253906868846269,-0.125,0.10253906868846269,0.125,0.00033555831760168076,51,50,0
1782790673541550725,359,m26,-0.0015339808305725455,-0.01464843790762991,-0.125,0.01464843790762991,0.125,0.00035952674807049334,51,50,0
1782790673592284650,360,m26,-0.012271846644580364,-0.11718750326103929,-0.125,0.11718750326103929,0.125,0.0002037318336078897,51,50,0
1782790673643035745,361,m26,0.006135923322290182,0.05859375163051964,-0.1875,0.05859375163051964,0.1875,0.0002037318336078897,51,50,0
1782790673693800260,362,m26,-0.0015339808305725455,-0.01464843790762991,-0.125,0.01464843790762991,0.125,0.00023968450841493905,51,50,0
1782790673743943219,363,m26,0.0,0.0,-0.125,0.0,0.125,0.0001917476038215682,51,50,0
1782790673794613476,364,m26,0.03528156131505966,0.3369140929974922,-0.3125,0.3369140929974922,0.3125,0.0005752427969127893,51,50,0
1782790673844883471,365,m26,-0.0015339808305725455,-0.01464843790762991,-0.1875,0.01464843790762991,0.1875,4.793690095539205e-05,51,50,0
1782790673895448968,366,m26,0.003067961661145091,0.02929687581525982,-0.1875,0.02929687581525982,0.1875,0.000107858024421148,51,50,0
1782790673945619884,367,m26,0.010737866163253784,0.10253906868846269,-0.1875,0.10253906868846269,0.1875,1.1984225238848012e-05,51,50,0
1782790673996265865,368,m26,0.0015339808305725455,0.01464843790762991,-0.125,0.01464843790762991,0.125,7.190534961409867e-05,51,50,0
1782790674047040037,369,m26,-0.006135923322290182,-0.05859375163051964,-0.1875,0.05859375163051964,0.1875,7.190534961409867e-05,51,50,0
1782790674097151123,370,m26,0.013805828057229519,0.13183594672709137,-0.1875,0.13183594672709137,0.1875,0.00016777915880084038,51,50,0
1782790674147310671,371,m26,-0.013805828057229519,-0.13183594672709137,-0.125,0.13183594672709137,0.125,0.00017976337403524667,51,50,0
1782790674197959350,372,m26,-0.016873789951205254,-0.16113282476572008,-0.125,0.16113282476572008,0.125,0.00015579492901451886,51,50,0
1782790674248989745,373,m26,-0.00920388475060463,-0.08789062522241059,-0.125,0.08789062522241059,0.125,0.00014381069922819734,51,50,0
1782790674299889973,374,m26,-0.0015339808305725455,-0.01464843790762991,-0.125,0.01464843790762991,0.125,0.00013182648399379104,51,50,0
1782790674350650799,375,m26,0.006135923322290182,0.05859375163051964,-0.125,0.05859375163051964,0.125,9.58738019107841e-05,51,50,0
1782790674401610626,376,m26,-0.019941750913858414,-0.19042969391087328,-0.125,0.19042969391087328,0.125,8.388957940042019e-05,51,50,0
1782790674452506880,377,m26,0.006135923322290182,0.05859375163051964,-0.125,0.05859375163051964,0.125,8.388957940042019e-05,51,50,0
1782790674503048950,378,m26,-0.003067961661145091,-0.02929687581525982,-0.1875,0.02929687581525982,0.1875,7.190534961409867e-05,51,50,0
1782790674553263076,379,m26,-0.0076699042692780495,-0.07324219064983399,-0.125,0.07324219064983399,0.125,0.00016777915880084038,51,50,0
1782790674604238102,380,m26,0.006135923322290182,0.05859375163051964,-0.125,0.05859375163051964,0.125,0.0002037318336078897,51,50,0
1782790674655298563,381,m26,-0.013805828057229519,-0.13183594672709137,-0.125,0.13183594672709137,0.125,0.00013182648399379104,51,50,0
1782790674706159999,382,m26,-0.003067961661145091,-0.02929687581525982,-0.125,0.02929687581525982,0.125,0.00013182648399379104,51,50,0
1782790674757004097,383,m26,-0.004601942375302315,-0.043945312611205295,-0.125,0.043945312611205295,0.125,0.00013182648399379104,51,50,0
1782790674807844535,384,m26,-0.003067961661145091,-0.02929687581525982,-0.1875,0.02929687581525982,0.1875,0.00011984225420746952,51,50,0
1782790674858520299,385,m26,0.0,0.0,-0.125,0.0,0.125,0.0001917476038215682,51,50,0
1782790674909240464,386,m26,-0.016873789951205254,-0.16113282476572008,-0.125,0.16113282476572008,0.125,0.00011984225420746952,51,50,0
1782790674959387698,387,m26,-0.013805828057229519,-0.13183594672709137,-0.125,0.13183594672709137,0.125,0.00011984225420746952,51,50,0
1782790675009492290,388,m26,-0.006135923322290182,-0.05859375163051964,-0.125,0.05859375163051964,0.125,0.00017976337403524667,51,50,0
1782790675060370270,389,m26,-0.0015339808305725455,-0.01464843790762991,-0.125,0.01464843790762991,0.125,9.58738019107841e-05,51,50,0
1782790675111122824,390,m26,0.0015339808305725455,0.01464843790762991,-0.125,0.01464843790762991,0.125,0.00022770027862861753,51,50,0
1782790675162094954,391,m26,-0.0015339808305725455,-0.01464843790762991,-0.125,0.01464843790762991,0.125,0.0001917476038215682,51,50,0
1782790675212916941,392,m26,-0.010737866163253784,-0.10253906868846269,-0.125,0.10253906868846269,0.125,0.00016777915880084038,51,50,0
1782790675262944551,393,m26,-0.02454369328916073,-0.23437500652207857,-0.0625,0.23437500652207857,0.0625,0.00016777915880084038,51,50,0
1782790675313679600,394,m26,0.029145635664463043,0.27832031913328387,-0.25,0.27832031913328387,0.25,0.0003954794374294579,51,50,0
1782790675364289122,395,m26,-0.0015339808305725455,-0.01464843790762991,-0.125,0.01464843790762991,0.125,0.0002996056282427162,51,50,0
1782790675414411459,396,m26,0.0076699042692780495,0.07324219064983399,-0.1875,0.07324219064983399,0.1875,0.00022770027862861753,51,50,0
1782790675465079979,397,m26,-0.015339808538556099,-0.14648438129966798,-0.125,0.14648438129966798,0.125,8.388957940042019e-05,51,50,0
1782790675515188747,398,m26,0.004601942375302315,0.043945312611205295,-0.1875,0.043945312611205295,0.1875,0.00014381069922819734,51,50,0
1782790675566067367,399,m26,0.0,0.0,-0.125,0.0,0.125,0.00015579492901451886,51,50,0
1782790675616130193,400,m26,-0.00920388475060463,-0.08789062522241059,-0.125,0.08789062522241059,0.125,0.000107858024421148,51,50,0
1782790675666823120,401,m26,-0.004601942375302315,-0.043945312611205295,-0.125,0.043945312611205295,0.125,0.000107858024421148,51,50,0
1782790675716892069,402,m26,0.003067961661145091,0.02929687581525982,-0.125,0.02929687581525982,0.125,0.0001917476038215682,51,50,0
1782790675767900496,403,m26,0.003067961661145091,0.02929687581525982,-0.1875,0.02929687581525982,0.1875,0.00011984225420746952,51,50,0
1782790675818671069,404,m26,-0.010737866163253784,-0.10253906868846269,-0.125,0.10253906868846269,0.125,0.00013182648399379104,51,50,0
1782790675869507374,405,m26,-0.02454369328916073,-0.23437500652207857,-0.125,0.23437500652207857,0.125,0.00013182648399379104,51,50,0
1782790675920502415,406,m26,-0.0076699042692780495,-0.07324219064983399,-0.1875,0.07324219064983399,0.1875,0.00015579492901451886,51,50,0
1782790675971067168,407,m26,-0.010737866163253784,-0.10253906868846269,-0.125,0.10253906868846269,0.125,0.0001917476038215682,51,50,0
1782790676021175085,408,m26,-0.003067961661145091,-0.02929687581525982,-0.125,0.02929687581525982,0.125,0.00013182648399379104,51,50,0
1782790676072171010,409,m26,0.012271846644580364,0.11718750326103929,-0.1875,0.11718750326103929,0.1875,0.000107858024421148,51,50,0
1782790676123004525,410,m26,-0.015339808538556099,-0.14648438129966798,-0.0625,0.14648438129966798,0.0625,0.00035952674807049334,51,50,0
1782790676173776137,411,m26,-0.016873789951205254,-0.16113282476572008,-0.0625,0.16113282476572008,0.0625,0.00028762139845639467,51,50,0
1782790676223910420,412,m26,0.0,0.0,-0.125,0.0,0.125,0.0002636529679875821,51,50,0
1782790676274481316,413,m26,0.0,0.0,-0.125,0.0,0.125,0.00023968450841493905,51,50,0
1782790676324498935,414,m26,-0.004601942375302315,-0.043945312611205295,-0.1875,0.043945312611205295,0.1875,0.0002636529679875821,51,50,0
1782790676375503021,415,m26,-0.052155349403619766,-0.49804689997626134,0.0,0.49804689997626134,0.0,0.00011984225420746952,51,50,0
1782790676426167146,416,m26,-0.016873789951205254,-0.16113282476572008,-0.125,0.16113282476572008,0.125,0.0002636529679875821,51,50,0
1782790676477208002,417,m26,-0.003067961661145091,-0.02929687581525982,-0.125,0.02929687581525982,0.125,0.00022770027862861753,51,50,0
1782790676527916578,418,m26,0.0,0.0,-0.1875,0.0,0.1875,0.0001917476038215682,51,50,0
1782790676578801269,419,m26,-0.010737866163253784,-0.10253906868846269,-0.125,0.10253906868846269,0.125,0.00016777915880084038,51,50,0
1782790676628880897,420,m26,-0.0015339808305725455,-0.01464843790762991,-0.1875,0.01464843790762991,0.1875,0.00033555831760168076,51,50,0
1782790676679591640,421,m26,-0.004601942375302315,-0.043945312611205295,-0.1875,0.043945312611205295,0.1875,0.0002636529679875821,51,50,0
1782790676729975652,422,m26,-0.0015339808305725455,-0.01464843790762991,-0.125,0.01464843790762991,0.125,0.0002996056282427162,51,50,0
1782790676780536844,423,m26,-0.0015339808305725455,-0.01464843790762991,-0.1875,0.01464843790762991,0.1875,0.0003115898580290377,51,50,0
1782790676830568732,424,m26,0.003067961661145091,0.02929687581525982,-0.1875,0.02929687581525982,0.1875,0.00032357408781535923,51,50,0
1782790676881527185,425,m26,-0.004601942375302315,-0.043945312611205295,-0.125,0.043945312611205295,0.125,0.00028762139845639467,51,50,0
1782790676932007573,426,m26,0.003067961661145091,0.02929687581525982,-0.125,0.02929687581525982,0.125,0.00027563716867007315,51,50,0
1782790676982153034,427,m26,0.01840776950120926,0.17578125044482118,-0.1875,0.17578125044482118,0.1875,0.00023968450841493905,51,50,0
1782790677032154505,428,m26,-0.0015339808305725455,-0.01464843790762991,-0.1875,0.01464843790762991,0.1875,0.00022770027862861753,51,50,0
1782790677083110408,429,m26,-0.0015339808305725455,-0.01464843790762991,-0.1875,0.01464843790762991,0.1875,0.00022770027862861753,51,50,0
1782790677133955530,430,m26,-0.010737866163253784,-0.10253906868846269,-0.125,0.10253906868846269,0.125,0.00022770027862861753,51,50,0
1782790677184628784,431,m26,0.0015339808305725455,0.01464843790762991,-0.1875,0.01464843790762991,0.1875,0.0001917476038215682,51,50,0
1782790677235456876,432,m26,0.0,0.0,-0.125,0.0,0.125,0.00013182648399379104,51,50,0
1782790677286467303,433,m26,-0.0015339808305725455,-0.01464843790762991,-0.1875,0.01464843790762991,0.1875,0.00017976337403524667,51,50,0
1782790677337198528,434,m26,-0.0015339808305725455,-0.01464843790762991,-0.1875,0.01464843790762991,0.1875,0.00025166873820126057,51,50,0
1782790677387251806,435,m26,0.00920388475060463,0.08789062522241059,-0.1875,0.08789062522241059,0.1875,0.00015579492901451886,51,50,0
1782790677438310131,436,m26,-0.012271846644580364,-0.11718750326103929,-0.1875,0.11718750326103929,0.1875,0.000215716048842296,51,50,0
1782790677489097337,437,m26,0.003067961661145091,0.02929687581525982,-0.1875,0.02929687581525982,0.1875,0.00013182648399379104,51,50,0
1782790677539816657,438,m26,0.0,0.0,-0.125,0.0,0.125,0.0001917476038215682,51,50,0
1782790677589909255,439,m26,0.0076699042692780495,0.07324219064983399,-0.1875,0.07324219064983399,0.1875,0.00022770027862861753,51,50,0
1782790677640688719,440,m26,0.0,0.0,-0.1875,0.0,0.1875,0.0001917476038215682,51,50,0
1782790677690934631,441,m26,-0.004601942375302315,-0.043945312611205295,-0.1875,0.043945312611205295,0.1875,0.00022770027862861753,51,50,0
1782790677741603097,442,m26,-0.006135923322290182,-0.05859375163051964,-0.125,0.05859375163051964,0.125,0.0002996056282427162,51,50,0
1782790677792588121,443,m26,0.00920388475060463,0.08789062522241059,-0.1875,0.08789062522241059,0.1875,0.00023968450841493905,51,50,0
1782790677843639170,444,m26,-0.013805828057229519,-0.13183594672709137,-0.125,0.13183594672709137,0.125,0.0002996056282427162,51,50,0
1782790677894223125,445,m26,0.004601942375302315,0.043945312611205295,-0.125,0.043945312611205295,0.125,0.0002996056282427162,51,50,0
1782790677944250114,446,m26,-0.003067961661145091,-0.02929687581525982,-0.125,0.02929687581525982,0.125,0.0002636529679875821,51,50,0
1782790677994984253,447,m26,0.010737866163253784,0.10253906868846269,-0.1875,0.10253906868846269,0.1875,0.0002037318336078897,51,50,0
1782790678045845688,448,m26,0.015339808538556099,0.14648438129966798,-0.1875,0.14648438129966798,0.1875,0.00011984225420746952,51,50,0
1782790678095949534,449,m26,-0.027611656114459038,-0.26367189345418274,-0.0625,0.26367189345418274,0.0625,0.00013182648399379104,51,50,0
1782790678146682368,450,m26,-0.00920388475060463,-0.08789062522241059,-0.125,0.08789062522241059,0.125,0.00023968450841493905,51,50,0
1782790678196823841,451,m26,-0.023009711876511574,-0.21972656305602647,-0.0625,0.21972656305602647,0.0625,0.00016777915880084038,51,50,0
1782790678247653966,452,m26,0.0015339808305725455,0.01464843790762991,-0.1875,0.01464843790762991,0.1875,0.00015579492901451886,51,50,0
1782790678298510173,453,m26,0.003067961661145091,0.02929687581525982,-0.1875,0.02929687581525982,0.1875,0.00016777915880084038,51,50,0
1782790678349297371,454,m26,-0.003067961661145091,-0.02929687581525982,-0.125,0.02929687581525982,0.125,0.000215716048842296,51,50,0
1782790678399340072,455,m26,0.003067961661145091,0.02929687581525982,-0.1875,0.02929687581525982,0.1875,0.000215716048842296,51,50,0
1782790678450198567,456,m26,-0.006135923322290182,-0.05859375163051964,-0.125,0.05859375163051964,0.125,0.00016777915880084038,51,50,0
1782790678500933847,457,m26,-0.004601942375302315,-0.043945312611205295,-0.125,0.043945312611205295,0.125,0.0002037318336078897,51,50,0
1782790678551837594,458,m26,-0.012271846644580364,-0.11718750326103929,-0.125,0.11718750326103929,0.125,0.0002636529679875821,51,50,0
1782790678601908721,459,m26,0.0015339808305725455,0.01464843790762991,-0.125,0.01464843790762991,0.125,0.00023968450841493905,51,50,0
1782790678652725073,460,m26,-0.023009711876511574,-0.21972656305602647,-0.0625,0.21972656305602647,0.0625,0.0001917476038215682,51,50,0
1782790678703676327,461,m26,-0.003067961661145091,-0.02929687581525982,-0.1875,0.02929687581525982,0.1875,0.0002037318336078897,51,50,0
1782790678754562073,462,m26,0.006135923322290182,0.05859375163051964,-0.125,0.05859375163051964,0.125,0.0002636529679875821,51,50,0
1782790678805477114,463,m26,-0.010737866163253784,-0.10253906868846269,-0.1875,0.10253906868846269,0.1875,0.00022770027862861753,51,50,0
1782790678855737088,464,m26,0.003067961661145091,0.02929687581525982,-0.125,0.02929687581525982,0.125,0.00023968450841493905,51,50,0
1782790678906243062,465,m26,-0.0076699042692780495,-0.07324219064983399,-0.125,0.07324219064983399,0.125,0.0001917476038215682,51,50,0
1782790678956418045,466,m26,-0.013805828057229519,-0.13183594672709137,-0.125,0.13183594672709137,0.125,0.00017976337403524667,51,50,0
1782790679006889007,467,m26,0.00920388475060463,0.08789062522241059,-0.125,0.08789062522241059,0.125,0.000215716048842296,51,50,0
1782790679057952094,468,m26,-0.003067961661145091,-0.02929687581525982,-0.125,0.02929687581525982,0.125,0.0001917476038215682,51,50,0
1782790679108682372,469,m26,0.0,0.0,-0.125,0.0,0.125,0.0001917476038215682,51,50,0
1782790679159648468,470,m26,-0.016873789951205254,-0.16113282476572008,-0.125,0.16113282476572008,0.125,0.00017976337403524667,51,50,0
1782790679210371205,471,m26,-0.010737866163253784,-0.10253906868846269,-0.125,0.10253906868846269,0.125,0.00016777915880084038,51,50,0
1782790679260483283,472,m26,-0.0076699042692780495,-0.07324219064983399,-0.125,0.07324219064983399,0.125,0.0001917476038215682,51,50,0
1782790679311038189,473,m26,0.0,0.0,-0.125,0.0,0.125,0.0002996056282427162,51,50,0
1782790679361300744,474,m26,0.0,0.0,-0.125,0.0,0.125,0.0001917476038215682,51,50,0
1782790679412190744,475,m26,-0.01840776950120926,-0.17578125044482118,-0.125,0.17578125044482118,0.125,0.00022770027862861753,51,50,0
1782790679463017123,476,m26,-0.0076699042692780495,-0.07324219064983399,-0.125,0.07324219064983399,0.125,0.0002037318336078897,51,50,0
1782790679514009892,477,m26,0.0,0.0,-0.125,0.0,0.125,0.00023968450841493905,51,50,0
1782790679564803740,478,m26,-0.003067961661145091,-0.02929687581525982,-0.1875,0.02929687581525982,0.1875,0.0002636529679875821,51,50,0
1782790679615692881,479,m26,-0.015339808538556099,-0.14648438129966798,-0.125,0.14648438129966798,0.125,0.00016777915880084038,51,50,0
1782790679666643510,480,m26,-0.010737866163253784,-0.10253906868846269,-0.125,0.10253906868846269,0.125,0.00025166873820126057,51,50,0
1782790679717408329,481,m26,0.0,0.0,-0.1875,0.0,0.1875,0.0001917476038215682,51,50,0
1782790679767435155,482,m26,-0.00920388475060463,-0.08789062522241059,-0.125,0.08789062522241059,0.125,0.00017976337403524667,51,50,0
1782790679818145251,483,m26,-0.0076699042692780495,-0.07324219064983399,-0.125,0.07324219064983399,0.125,0.0002037318336078897,51,50,0
1782790679869090399,484,m26,-0.015339808538556099,-0.14648438129966798,-0.125,0.14648438129966798,0.125,0.00017976337403524667,51,50,0
1782790679919838897,485,m26,-0.010737866163253784,-0.10253906868846269,-0.1875,0.10253906868846269,0.1875,0.0001917476038215682,51,50,0
1782790679970894949,486,m26,0.0,0.0,-0.125,0.0,0.125,0.00013182648399379104,51,50,0
1782790680021620854,487,m26,0.006135923322290182,0.05859375163051964,-0.1875,0.05859375163051964,0.1875,0.00017976337403524667,51,50,0
1782790680071834675,488,m26,0.0,0.0,-0.125,0.0,0.125,7.190534961409867e-05,51,50,0
1782790680122544897,489,m26,0.003067961661145091,0.02929687581525982,-0.1875,0.02929687581525982,0.1875,0.000215716048842296,51,50,0
1782790680173509510,490,m26,-0.0015339808305725455,-0.01464843790762991,-0.125,0.01464843790762991,0.125,0.00013182648399379104,51,50,0
1782790680223536500,491,m26,0.0,0.0,-0.125,0.0,0.125,0.00016777915880084038,51,50,0
1782790680274009805,492,m26,0.004601942375302315,0.043945312611205295,-0.125,0.043945312611205295,0.125,0.00013182648399379104,51,50,0
1782790680324191747,493,m26,-0.02147573232650757,-0.20507813737692537,-0.0625,0.20507813737692537,0.0625,0.0001917476038215682,51,50,0
1782790680374867270,494,m26,-0.016873789951205254,-0.16113282476572008,-0.0625,0.16113282476572008,0.0625,0.0001917476038215682,51,50,0
1782790680424960969,495,m26,0.003067961661145091,0.02929687581525982,-0.125,0.02929687581525982,0.125,0.00015579492901451886,51,50,0
1782790680475956668,496,m26,-0.013805828057229519,-0.13183594672709137,-0.125,0.13183594672709137,0.125,0.00016777915880084038,51,50,0
1782790680526031770,497,m26,-0.0015339808305725455,-0.01464843790762991,-0.125,0.01464843790762991,0.125,0.0001917476038215682,51,50,0
1782790680576506018,498,m26,0.0076699042692780495,0.07324219064983399,-0.1875,0.07324219064983399,0.1875,0.0002037318336078897,51,50,0
1782790680626674080,499,m26,0.012271846644580364,0.11718750326103929,-0.125,0.11718750326103929,0.125,0.00022770027862861753,51,50,0
1782790680677400814,500,m26,-0.0076699042692780495,-0.07324219064983399,-0.1875,0.07324219064983399,0.1875,0.0002037318336078897,51,50,0
1782790680727578881,501,m26,-0.00920388475060463,-0.08789062522241059,-0.125,0.08789062522241059,0.125,0.00016777915880084038,51,50,0
1782790680778364912,502,m26,-0.006135923322290182,-0.05859375163051964,-0.125,0.05859375163051964,0.125,0.00016777915880084038,51,50,0
1782790680829396885,503,m26,-0.00920388475060463,-0.08789062522241059,-0.1875,0.08789062522241059,0.1875,0.00017976337403524667,51,50,0
1782790680880028201,504,m26,-0.004601942375302315,-0.043945312611205295,-0.1875,0.043945312611205295,0.1875,0.00016777915880084038,51,50,0
1782790680930958570,505,m26,-0.0015339808305725455,-0.01464843790762991,-0.1875,0.01464843790762991,0.1875,0.0002037318336078897,51,50,0
1782790680981784748,506,m26,-0.004601942375302315,-0.043945312611205295,-0.125,0.043945312611205295,0.125,0.0002037318336078897,51,50,0
1782790681032667687,507,m26,0.0015339808305725455,0.01464843790762991,-0.1875,0.01464843790762991,0.1875,0.00016777915880084038,51,50,0
1782790681083425911,508,m26,0.010737866163253784,0.10253906868846269,-0.1875,0.10253906868846269,0.1875,0.000215716048842296,51,50,0
1782790681133521328,509,m26,0.003067961661145091,0.02929687581525982,-0.1875,0.02929687581525982,0.1875,0.0002037318336078897,51,50,0
1782790681184315878,510,m26,0.0015339808305725455,0.01464843790762991,-0.125,0.01464843790762991,0.125,0.00027563716867007315,51,50,0
1782790681235234325,511,m26,-0.01840776950120926,-0.17578125044482118,-0.125,0.17578125044482118,0.125,0.0002037318336078897,51,50,0
1782790681286063735,512,m26,-0.00920388475060463,-0.08789062522241059,-0.125,0.08789062522241059,0.125,0.0001917476038215682,51,50,0
1782790681336098742,513,m26,-0.0015339808305725455,-0.01464843790762991,-0.125,0.01464843790762991,0.125,0.000215716048842296,51,50,0
1782790681386801161,514,m26,0.004601942375302315,0.043945312611205295,-0.1875,0.043945312611205295,0.1875,0.0001917476038215682,51,50,0
1782790681436978996,515,m26,0.010737866163253784,0.10253906868846269,-0.1875,0.10253906868846269,0.1875,0.00022770027862861753,51,50,0
1782790681487616619,516,m26,-0.0076699042692780495,-0.07324219064983399,-0.125,0.07324219064983399,0.125,0.000215716048842296,51,50,0
1782790681537697034,517,m26,0.0015339808305725455,0.01464843790762991,-0.1875,0.01464843790762991,0.1875,0.00023968450841493905,51,50,0
1782790681587701743,518,m26,0.0,0.0,-0.1875,0.0,0.1875,0.0001917476038215682,51,50,0
1782790681637775537,519,m26,0.0,0.0,-0.1875,0.0,0.1875,0.00017976337403524667,51,50,0
1782790681688545981,520,m26,-0.0015339808305725455,-0.01464843790762991,-0.125,0.01464843790762991,0.125,0.00016777915880084038,51,50,0
1782790681739587239,521,m26,0.013805828057229519,0.13183594672709137,-0.1875,0.13183594672709137,0.1875,0.00025166873820126057,51,50,0
1782790681790161492,522,m26,0.0,0.0,-0.125,0.0,0.125,0.0001917476038215682,51,50,0
1782790681840962918,523,m26,0.0,0.0,-0.125,0.0,0.125,0.0001917476038215682,51,50,0
1782790681891051286,524,m26,0.0015339808305725455,0.01464843790762991,-0.125,0.01464843790762991,0.125,0.000215716048842296,51,50,0
1782790681941105096,525,m26,-0.004601942375302315,-0.043945312611205295,-0.125,0.043945312611205295,0.125,0.00016777915880084038,51,50,0
1782790681991902370,526,m26,-0.010737866163253784,-0.10253906868846269,-0.125,0.10253906868846269,0.125,0.00015579492901451886,51,50,0
